name;gender;category;year
André Paul Guillaume Gide;male;Literature;1947
Arthur Ashkin;male;Physics;2018
Gérard Mourou;male;Physics;2018
Donna Strickland;female;Physics;2018
Andrea Ghez;female;Physics;2020
Roger Penrose;male;Physics;2020
Reinhard Genzel;male;Physics;2020
Alfred G. Gilman;male;Physiology_or_Medicine;1994
Martin Rodbell;male;Physiology_or_Medicine;1994
Earl (Bertrand Arthur William) Russell;male;Literature;1950
Barack Hussein Obama;male;Peace;2009
Charles Thomson Rees Wilson;male;Physics;1927
Arthur Holly Compton;male;Physics;1927
Albert Schweitzer;male;Peace;1952
Albert Arnold (Al) Gore Jr.;male;Peace;2007
Charles Brenton Huggins;male;Physiology_or_Medicine;1966
Peyton Rous;male;Physiology_or_Medicine;1966
Christian B. Anfinsen;male;Chemistry;1972
Stanford Moore;male;Chemistry;1972
William H. Stein;male;Chemistry;1972
Carl Ferdinand Cori;male;Physiology_or_Medicine;1947
Bernardo Alberto Houssay;male;Physiology_or_Medicine;1947
Gerty Theresa Cori, née Radnitz;female;Physiology_or_Medicine;1947
Archer John Porter Martin;male;Chemistry;1952
Richard Laurence Millington Synge;male;Chemistry;1952
Adolfo Pérez Esquivel;male;Peace;1980
Burton Richter;male;Physics;1976
Samuel Chao Chung Ting;male;Physics;1976
Andre Geim;male;Physics;2010
Konstantin Novoselov;male;Physics;2010
Alexis Carrel;male;Physiology_or_Medicine;1912
Angus Deaton;male;Economic_Sciences;2015
Adam G. Riess;male;Physics;2011
Brian P. Schmidt;male;Physics;2011
Saul Perlmutter;male;Physics;2011
Clifford G. Shull;male;Physics;1994
Bertram N. Brockhouse;male;Physics;1994
Arno Allan Penzias;male;Physics;1978
Pyotr Leonidovich Kapitsa;male;Physics;1978
Robert Woodrow Wilson;male;Physics;1978
Charles Albert Gobat;male;Peace;1902
Élie Ducommun;male;Peace;1902
Anthony J. Leggett;male;Physics;2003
Alexei Alexeyevich Abrikosov;male;Physics;2003
Vitaly Lazarevich Ginzburg;male;Physics;2003
A. Michael Spence;male;Economic_Sciences;2001
George A. Akerlof;male;Economic_Sciences;2001
Joseph E. Stiglitz;male;Economic_Sciences;2001
Bertil Ohlin;male;Economic_Sciences;1977
James E. Meade;male;Economic_Sciences;1977
Amartya Sen;male;Economic_Sciences;1998
Charles Robert Richet;male;Physiology_or_Medicine;1913
Baroness Bertha Sophie Felicita von Suttner, née Countess Kinsky von Chinic und Tettau;female;Peace;1905
Charles Hard Townes;male;Physics;1964
Aleksandr Mikhailovich Prokhorov;male;Physics;1964
Nicolay Gennadiyevich Basov;male;Physics;1964
Aage Niels Bohr;male;Physics;1975
Ben Roy Mottelson;male;Physics;1975
Leo James Rainwater;male;Physics;1975
Artturi Ilmari Virtanen;male;Chemistry;1945
Mohamed Anwar al-Sadat;male;Peace;1978
Menachem Begin;male;Peace;1978
Baruj Benacerraf;male;Physiology_or_Medicine;1980
George D. Snell;male;Physiology_or_Medicine;1980
Jean Dausset;male;Physiology_or_Medicine;1980
Carl von Ossietzky;male;Peace;1935
Archibald Vivian Hill;male;Physiology_or_Medicine;1922
Otto Fritz Meyerhof;male;Physiology_or_Medicine;1922
Carl E. Wieman;male;Physics;2001
Eric A. Cornell;male;Physics;2001
Wolfgang Ketterle;male;Physics;2001
Andrew V. Schally;male;Physiology_or_Medicine;1977
Rosalyn Yalow;female;Physiology_or_Medicine;1977
Roger Guillemin;male;Physiology_or_Medicine;1977
Barry J. Marshall;male;Physiology_or_Medicine;2005
J. Robin Warren;male;Physiology_or_Medicine;2005
Albert Fert;male;Physics;2007
Peter Grünberg;male;Physics;2007
Claude Simon;male;Literature;1985
Alfred Hermann Fried;male;Peace;1911
Tobias Michael Carel Asser;male;Peace;1911
Barry C. Barish;male;Physics;2017
Rainer Weiss;male;Physics;2017
Kip S. Thorne;male;Physics;2017
Barbara McClintock;female;Physiology_or_Medicine;1983
Camillo Golgi;male;Physiology_or_Medicine;1906
Santiago Ramón y Cajal;male;Physiology_or_Medicine;1906
Andrei Dmitrievich Sakharov;male;Peace;1975
André Lwoff;male;Physiology_or_Medicine;1965
Jacques Monod;male;Physiology_or_Medicine;1965
François Jacob;male;Physiology_or_Medicine;1965
Alfred Werner;male;Chemistry;1913
Christian de Duve;male;Physiology_or_Medicine;1974
Albert Claude;male;Physiology_or_Medicine;1974
George E. Palade;male;Physiology_or_Medicine;1974
Andrew Fielding Huxley;male;Physiology_or_Medicine;1963
Alan Lloyd Hodgkin;male;Physiology_or_Medicine;1963
Sir John Carew Eccles;male;Physiology_or_Medicine;1963
Arthur Henderson;male;Peace;1934
Aaron Klug;male;Chemistry;1982
Christopher A. Pissarides;male;Economic_Sciences;2010
Peter A. Diamond;male;Economic_Sciences;2010
Dale T. Mortensen;male;Economic_Sciences;2010
Adolf Otto Reinhold Windaus;male;Chemistry;1928
Allvar Gullstrand;male;Physiology_or_Medicine;1911
Antony Hewish;male;Physics;1974
Sir Martin Ryle;male;Physics;1974
Ahmed H. Zewail;male;Chemistry;1999
Alfred D. Hershey;male;Physiology_or_Medicine;1969
Max Delbrück;male;Physiology_or_Medicine;1969
Salvador E. Luria;male;Physiology_or_Medicine;1969
Alfonso García Robles;male;Peace;1982
Alva Myrdal;female;Peace;1982
Carlo Rubbia;male;Physics;1984
Simon van der Meer;male;Physics;1984
Carlos Filipe Ximenes Belo;male;Peace;1996
José Ramos-Horta;male;Peace;1996
Albert Camus;male;Literature;1957
Bob Dylan;male;Literature;2016
Brian David Josephson;male;Physics;1973
Leo Esaki;male;Physics;1973
Ivar Giaever;male;Physics;1973
Charles J. Pedersen;male;Chemistry;1987
Jean-Marie Lehn;male;Chemistry;1987
Donald J. Cram;male;Chemistry;1987
Aaron Ciechanover;male;Chemistry;2004
Avram Hershko;male;Chemistry;2004
Irwin Rose;male;Chemistry;2004
Carol W. Greider;female;Physiology_or_Medicine;2009
Elizabeth H. Blackburn;female;Physiology_or_Medicine;2009
Jack W. Szostak;male;Physiology_or_Medicine;2009
Ada E. Yonath;female;Chemistry;2009
Venkatraman Ramakrishnan;male;Chemistry;2009
Thomas A. Steitz;male;Chemistry;2009
César Milstein;male;Physiology_or_Medicine;1984
Georges J.F. Köhler;male;Physiology_or_Medicine;1984
Niels K. Jerne;male;Physiology_or_Medicine;1984
Charles Louis Alphonse Laveran;male;Physiology_or_Medicine;1907
Arthur Kornberg;male;Physiology_or_Medicine;1959
Severo Ochoa;male;Physiology_or_Medicine;1959
Cecil Frank Powell;male;Physics;1950
Christiane Nüsslein-Volhard;female;Physiology_or_Medicine;1995
Edward B. Lewis;male;Physiology_or_Medicine;1995
Eric F. Wieschaus;male;Physiology_or_Medicine;1995
Bruce A. Beutler;male;Physiology_or_Medicine;2011
Jules A. Hoffmann;male;Physiology_or_Medicine;2011
Ralph M. Steinman;male;Physiology_or_Medicine;2011
Abiy Ahmed Ali;male;Peace;2019
Schack August Steenberg Krogh;male;Physiology_or_Medicine;1920
Arvid Carlsson;male;Physiology_or_Medicine;2000
Eric R. Kandel;male;Physiology_or_Medicine;2000
Paul Greengard;male;Physiology_or_Medicine;2000
André Frédéric Cournand;male;Physiology_or_Medicine;1956
Dickinson W. Richards;male;Physiology_or_Medicine;1956
Werner Forssmann;male;Physiology_or_Medicine;1956
Alan G. MacDiarmid;male;Chemistry;2000
Alan J. Heeger;male;Chemistry;2000
Hideki Shirakawa;male;Chemistry;2000
Brian K. Kobilka;male;Chemistry;2012
Robert J. Lefkowitz;male;Chemistry;2012
Charles M. Rice;male;Physiology_or_Medicine;2020
Michael Houghton;male;Physiology_or_Medicine;2020
Harvey J. Alter;male;Physiology_or_Medicine;2020
Robert Bruce Merrifield;male;Chemistry;1984
Akira Suzuki;male;Chemistry;2010
Ei-ichi Negishi;male;Chemistry;2010
Richard F. Heck;male;Chemistry;2010
Christopher A. Sims;male;Economic_Sciences;2011
Thomas J. Sargent;male;Economic_Sciences;2011
Bengt Holmström;male;Economic_Sciences;2016
Oliver Hart;male;Economic_Sciences;2016
Adolf Friedrich Johann Butenandt;male;Chemistry;1939
Leopold Ruzicka;male;Chemistry;1939
Abdus Salam;male;Physics;1979
Sheldon Lee Glashow;male;Physics;1979
Steven Weinberg;male;Physics;1979
Albrecht Kossel;male;Physiology_or_Medicine;1910
Antoine Henri Becquerel;male;Physics;1903
Marie Curie, née Sklodowska;female;Physics;1903
Pierre Curie;male;Physics;1903
Baruch S. Blumberg;male;Physiology_or_Medicine;1976
D. Carleton Gajdusek;male;Physiology_or_Medicine;1976
Carl Friedrich Georg Spitteler;male;Literature;1919
Bernard L. Feringa;male;Chemistry;2016
Sir J. Fraser Stoddart;male;Chemistry;2016
Jean-Pierre Sauvage;male;Chemistry;2016
Camilo José Cela;male;Literature;1989
Christian Lous Lange;male;Peace;1921
Karl Hjalmar Branting;male;Peace;1921
Claude Cohen-Tannoudji;male;Physics;1997
Steven Chu;male;Physics;1997
William D. Phillips;male;Physics;1997
Akira Yoshino;male;Chemistry;2019
John B. Goodenough;male;Chemistry;2019
M. Stanley Whittingham;male;Chemistry;2019
Bjørnstjerne Martinus Bjørnson;male;Literature;1903
Carlos Saavedra Lamas;male;Peace;1936
Boris Leonidovich Pasternak;male;Literature;1958
Andrew Z. Fire;male;Physiology_or_Medicine;2006
Craig C. Mello;male;Physiology_or_Medicine;2006
K. Barry Sharpless;male;Chemistry;2001
Ryoji Noyori;male;Chemistry;2001
William S. Knowles;male;Chemistry;2001
Johann Friedrich Wilhelm Adolf von Baeyer;male;Chemistry;1905
Carl David Anderson;male;Physics;1936
Victor Franz Hess;male;Physics;1936
Allan M. Cormack;male;Physiology_or_Medicine;1979
Godfrey N. Hounsfield;male;Physiology_or_Medicine;1979
Charles Gates Dawes;male;Peace;1925
Sir Austen Chamberlain;male;Peace;1925
Aziz Sancar;male;Chemistry;2015
Tomas Lindahl;male;Chemistry;2015
Paul Modrich;male;Chemistry;2015
Wilhelm Conrad Röntgen;male;Physics;1901
Alice Munro;female;Literature;2013
Arthur B. McDonald;male;Physics;2015
Takaaki Kajita;male;Physics;2015
Arthur Leonard Schawlow;male;Physics;1981
Kai M. Siegbahn;male;Physics;1981
Nicolaas Bloembergen;male;Physics;1981
Charles Kuen Kao;male;Physics;2009
Willard S. Boyle;male;Physics;2009
George E. Smith;male;Physics;2009
Bengt I. Samuelsson;male;Physiology_or_Medicine;1982
John R. Vane;male;Physiology_or_Medicine;1982
Sune K. Bergström;male;Physiology_or_Medicine;1982
Chen Ning Yang;male;Physics;1957
Tsung-Dao (T.D.) Lee;male;Physics;1957
Aleksandr Isayevich Solzhenitsyn;male;Literature;1970
Christiaan Eijkman;male;Physiology_or_Medicine;1929
Sir Frederick Gowland Hopkins;male;Physiology_or_Medicine;1929
Carl Bosch;male;Chemistry;1931
Friedrich Bergius;male;Chemistry;1931
Albert John Lutuli;male;Peace;1960
Albert von Szent-Györgyi Nagyrápolt;male;Physiology_or_Medicine;1937
Anatole France;male;Literature;1921
Alfred Kastler;male;Physics;1966
Arieh Warshel;male;Chemistry;2013
Michael Levitt;male;Chemistry;2013
Martin Karplus;male;Chemistry;2013
Arthur Harden;male;Chemistry;1929
Hans Karl August Simon von Euler-Chelpin;male;Chemistry;1929
Bert Sakmann;male;Physiology_or_Medicine;1991
Erwin Neher;male;Physiology_or_Medicine;1991
Charles Jules Henri Nicolle;male;Physiology_or_Medicine;1928
Aristide Briand;male;Peace;1926
Gustav Stresemann;male;Peace;1926
Elizabeth Williams;female;Peace;1976
Mairead Corrigan;female;Peace;1976
Charles Glover Barkla;male;Physics;1917
Arne Wilhelm Kaurin Tiselius;male;Chemistry;1948
Albert Abraham Michelson;male;Physics;1907
Abhijit Banerjee;male;Economic_Sciences;2019
Esther Duflo;female;Economic_Sciences;2019
Michael Kremer;male;Economic_Sciences;2019
Charles Edouard Guillaume;male;Physics;1920
Albert Einstein;male;Physics;1921
Auguste Marie François Beernaert;male;Peace;1909
Paul Henri Benjamin Balluet d'Estournelles de Constant, Baron de Constant de Rebecque;male;Peace;1909
Alvin E. Roth;male;Economic_Sciences;2012
Lloyd S. Shapley;male;Economic_Sciences;2012
Theodore Roosevelt Jr.;male;Peace;1906
Luis Walter Alvarez;male;Physics;1968
Derek H. R. Barton;male;Chemistry;1969
Odd Hassel;male;Chemistry;1969
George A. Olah;male;Chemistry;1994
Rudolf Ludwig Mössbauer;male;Physics;1961
Robert Hofstadter;male;Physics;1961
Dag Hjalmar Agne Carl Hammarskjöld;male;Peace;1961
Oliver Smithies;male;Physiology_or_Medicine;2007
Mario R. Capecchi;male;Physiology_or_Medicine;2007
Sir Martin J. Evans;male;Physiology_or_Medicine;2007
Robert J. Aumann;male;Economic_Sciences;2005
Thomas C. Schelling;male;Economic_Sciences;2005
Sir Edward Victor Appleton;male;Physics;1947
William C. Campbell;male;Physiology_or_Medicine;2015
Satoshi Ōmura;male;Physiology_or_Medicine;2015
Tu Youyou;female;Physiology_or_Medicine;2015
Elfriede Jelinek;female;Literature;2004
Murray Gell-Mann;male;Physics;1969
John Galsworthy;male;Literature;1932
Elias Canetti;male;Literature;1981
Wilhelm Wien;male;Physics;1911
Clive W.J. Granger;male;Economic_Sciences;2003
Robert F. Engle III;male;Economic_Sciences;2003
Rita Levi-Montalcini;female;Physiology_or_Medicine;1986
Stanley Cohen;male;Physiology_or_Medicine;1986
Richard Kuhn;male;Chemistry;1938
Eugene F. Fama;male;Economic_Sciences;2013
Lars Peter Hansen;male;Economic_Sciences;2013
Robert J. Shiller;male;Economic_Sciences;2013
Kazuo Ishiguro;male;Literature;2017
Doris Lessing;female;Literature;2007
Jack S. Kilby;male;Physics;2000
Zhores I. Alferov;male;Physics;2000
Herbert Kroemer;male;Physics;2000
Thomas Mann;male;Literature;1929
Joseph Rotblat;male;Peace;1995
Sir Nevill Francis Mott;male;Physics;1977
John Hasbrouck Van Vleck;male;Physics;1977
Philip Warren Anderson;male;Physics;1977
Henri La Fontaine;male;Peace;1913
Elie Wiesel;male;Peace;1986
Paul Karrer;male;Chemistry;1937
Walter Norman Haworth;male;Chemistry;1937
Shirin Ebadi;female;Peace;2003
Tim Hunt;male;Physiology_or_Medicine;2001
Sir Paul M. Nurse;male;Physiology_or_Medicine;2001
Leland H. Hartwell;male;Physiology_or_Medicine;2001
Johannes Diderik van der Waals;male;Physics;1910
Count Maurice (Mooris) Polidore Marie Bernhard Maeterlinck;male;Literature;1911
Feodor Lynen;male;Physiology_or_Medicine;1964
Konrad Bloch;male;Physiology_or_Medicine;1964
Petrus (Peter) Josephus Wilhelmus Debye;male;Chemistry;1936
Pieter Zeeman;male;Physics;1902
Hendrik Antoon Lorentz;male;Physics;1902
Rudyard Kipling;male;Literature;1907
Sully Prudhomme;male;Literature;1901
Val Logsdon Fitch;male;Physics;1980
James Watson Cronin;male;Physics;1980
Karl Ziegler;male;Chemistry;1963
Giulio Natta;male;Chemistry;1963
Yasser Arafat;male;Peace;1994
Yitzhak Rabin;male;Peace;1994
Shimon Peres;male;Peace;1994
Roger B. Myerson;male;Economic_Sciences;2007
Eric S. Maskin;male;Economic_Sciences;2007
Leonid Hurwicz;male;Economic_Sciences;2007
Martin Luther King Jr.;male;Peace;1964
Denis Mukwege;male;Peace;2018
Nadia Murad Basee Taha;female;Peace;2018
Sir William Henry Bragg;male;Physics;1915
William Lawrence Bragg;male;Physics;1915
Christian Matthias Theodor Mommsen;male;Literature;1902
Walter Rudolf Hess;male;Physiology_or_Medicine;1949
António Caetano de Abreu Freire Egas Moniz;male;Physiology_or_Medicine;1949
John R. Hicks;male;Economic_Sciences;1972
Kenneth J. Arrow;male;Economic_Sciences;1972
Jean Henry Dunant;male;Peace;1901
Frédéric Passy;male;Peace;1901
Richard Henderson;male;Chemistry;2017
Joachim Frank;male;Chemistry;2017
Jacques Dubochet;male;Chemistry;2017
Elinor Ostrom;female;Economic_Sciences;2009
Oliver E. Williamson;male;Economic_Sciences;2009
Dorothy Crowfoot Hodgkin;female;Chemistry;1964
Robert B. Wilson;male;Economic_Sciences;2020
Paul R. Milgrom;male;Economic_Sciences;2020
Paul D. Boyer;male;Chemistry;1997
Jens C. Skou;male;Chemistry;1997
John E. Walker;male;Chemistry;1997
Henryk Sienkiewicz;male;Literature;1905
Walther Bothe;male;Physics;1954
Max Born;male;Physics;1954
Masatoshi Koshiba;male;Physics;2002
Raymond Davis Jr.;male;Physics;2002
Riccardo Giacconi;male;Physics;2002
Svetlana Alexievich;female;Literature;2015
Frances H. Arnold;female;Chemistry;2018
Sir Gregory P. Winter;male;Chemistry;2018
George P. Smith;male;Chemistry;2018
Ivan Alekseyevich Bunin;male;Literature;1933
Gabriela Mistral;female;Literature;1945
William Parry Murphy;male;Physiology_or_Medicine;1934
George Richards Minot;male;Physiology_or_Medicine;1934
George Hoyt Whipple;male;Physiology_or_Medicine;1934
Mario Vargas Llosa;male;Literature;2010
Ulf von Euler;male;Physiology_or_Medicine;1970
Sir Bernard Katz;male;Physiology_or_Medicine;1970
Julius Axelrod;male;Physiology_or_Medicine;1970
Harold Pinter;male;Literature;2005
Willis Eugene Lamb;male;Physics;1955
Polykarp Kusch;male;Physics;1955
The (Theodor) Svedberg;male;Chemistry;1926
Seán MacBride;male;Peace;1974
Eisaku Sato;male;Peace;1974
Gary S. Becker;male;Economic_Sciences;1992
Niels Ryberg Finsen;male;Physiology_or_Medicine;1903
Robert G. Edwards;male;Physiology_or_Medicine;2010
Edvard I. Moser;male;Physiology_or_Medicine;2014
John O'Keefe;male;Physiology_or_Medicine;2014
May-Britt Moser;female;Physiology_or_Medicine;2014
George J. Stigler;male;Economic_Sciences;1982
Otto Heinrich Warburg;male;Physiology_or_Medicine;1931
Wilhelm Ostwald;male;Chemistry;1909
Kenichi Fukui;male;Chemistry;1981
Roald Hoffmann;male;Chemistry;1981
François Mauriac;male;Literature;1952
Nikolay Nikolaevich Semenov;male;Chemistry;1956
Sir Cyril Norman Hinshelwood;male;Chemistry;1956
Jane Addams;female;Peace;1931
Nicholas Murray Butler;male;Peace;1931
Peter Agre;male;Chemistry;2003
Roderick MacKinnon;male;Chemistry;2003
Sir Arthur Lewis;male;Economic_Sciences;1979
Theodore W. Schultz;male;Economic_Sciences;1979
Karl Landsteiner;male;Physiology_or_Medicine;1930
Makoto Kobayashi;male;Physics;2008
Yoichiro Nambu;male;Physics;2008
Toshihide Maskawa;male;Physics;2008
Michael Smith;male;Chemistry;1993
Kary B. Mullis;male;Chemistry;1993
Thomas Hunt Morgan;male;Physiology_or_Medicine;1933
William Francis Giauque;male;Chemistry;1949
Grazia Deledda;female;Literature;1926
Gerd Binnig;male;Physics;1986
Heinrich Rohrer;male;Physics;1986
Ernst Ruska;male;Physics;1986
William Randal Cremer;male;Peace;1903
Paul Hermann Müller;male;Physiology_or_Medicine;1948
Derek Walcott;male;Literature;1992
Knut Pedersen Hamsun;male;Literature;1920
Eduard Buchner;male;Chemistry;1907
Georges Pire;male;Peace;1958
Ferdinand Buisson;male;Peace;1927
Ludwig Quidde;male;Peace;1927
Robert W. Holley;male;Physiology_or_Medicine;1968
Har Gobind Khorana;male;Physiology_or_Medicine;1968
Marshall W. Nirenberg;male;Physiology_or_Medicine;1968
Shinya Yamanaka;male;Physiology_or_Medicine;2012
Sir John B. Gurdon;male;Physiology_or_Medicine;2012
Ellen Johnson Sirleaf;female;Peace;2011
Leymah Gbowee;female;Peace;2011
Tawakkol Karman;female;Peace;2011
Isidor Isaac Rabi;male;Physics;1944
Richard Adolf Zsigmondy;male;Chemistry;1925
Hermann Emil Fischer;male;Chemistry;1902
Selma Ottilia Lovisa Lagerlöf;female;Literature;1909
Ivo Andric;male;Literature;1961
Ernest Orlando Lawrence;male;Physics;1939
Klaus von Klitzing;male;Physics;1985
E. Donnall Thomas;male;Physiology_or_Medicine;1990
Joseph E. Murray;male;Physiology_or_Medicine;1990
Salvatore Quasimodo;male;Literature;1959
Kurt Wüthrich;male;Chemistry;2002
John B. Fenn;male;Chemistry;2002
Koichi Tanaka;male;Chemistry;2002
Linda B. Buck;female;Physiology_or_Medicine;2004
Richard Axel;male;Physiology_or_Medicine;2004
Daniel Nathans;male;Physiology_or_Medicine;1978
Hamilton O. Smith;male;Physiology_or_Medicine;1978
Werner Arber;male;Physiology_or_Medicine;1978
Sir James W. Black;male;Physiology_or_Medicine;1988
George H. Hitchings;male;Physiology_or_Medicine;1988
Gertrude B. Elion;female;Physiology_or_Medicine;1988
Joseph Erlanger;male;Physiology_or_Medicine;1944
Herbert Spencer Gasser;male;Physiology_or_Medicine;1944
Heike Kamerlingh Onnes;male;Physics;1913
René Cassin;male;Peace;1968
Georges Charpak;male;Physics;1992
Norman F. Ramsey;male;Physics;1989
Hans G. Dehmelt;male;Physics;1989
Wolfgang Paul;male;Physics;1989
Otto Wallach;male;Chemistry;1910
Gabriel García Márquez;male;Literature;1982
Selman Abraham Waksman;male;Physiology_or_Medicine;1952
Hartmut Michel;male;Chemistry;1988
Johann Deisenhofer;male;Chemistry;1988
Robert Huber;male;Chemistry;1988
James Dewey Watson;male;Physiology_or_Medicine;1962
Maurice Hugh Frederick Wilkins;male;Physiology_or_Medicine;1962
Francis Harry Compton Crick;male;Physiology_or_Medicine;1962
Friedrich August von Hayek;male;Economic_Sciences;1974
Gunnar Myrdal;male;Economic_Sciences;1974
Kenzaburo Oe;male;Literature;1994
Lord (Alexander R.) Todd;male;Chemistry;1957
Karl Ferdinand Braun;male;Physics;1909
Guglielmo Marconi;male;Physics;1909
Jody Williams;female;Peace;1997
William Vickrey;male;Economic_Sciences;1996
James A. Mirrlees;male;Economic_Sciences;1996
F. Sherwood Rowland;male;Chemistry;1995
Paul J. Crutzen;male;Chemistry;1995
Mario J. Molina;male;Chemistry;1995
Lev Davidovich Landau;male;Physics;1962
John Bardeen;male;Physics;1956
Walter Houser Brattain;male;Physics;1956
William Bradford Shockley;male;Physics;1956
John Bardeen;male;Physics;1972
Leon Neil Cooper;male;Physics;1972
John Robert Schrieffer;male;Physics;1972
John James Rickard Macleod;male;Physiology_or_Medicine;1923
Frederick Grant Banting;male;Physiology_or_Medicine;1923
Emil Adolf von Behring;male;Physiology_or_Medicine;1901
Orhan Pamuk;male;Literature;2006
Ralph Bunche;male;Peace;1950
Leonid Vitaliyevich Kantorovich;male;Economic_Sciences;1975
Tjalling C. Koopmans;male;Economic_Sciences;1975
Sir Robert Robinson;male;Chemistry;1947
Frank Wilczek;male;Physics;2004
David J. Gross;male;Physics;2004
H. David Politzer;male;Physics;2004
George Bernard Shaw;male;Literature;1925
Kenneth G. Wilson;male;Physics;1982
Hans Adolf Krebs;male;Physiology_or_Medicine;1953
Fritz Albert Lipmann;male;Physiology_or_Medicine;1953
Frank Billings Kellogg;male;Peace;1929
Peter Brian Medawar;male;Physiology_or_Medicine;1960
Sir Frank Macfarlane Burnet;male;Physiology_or_Medicine;1960
Axel Hugo Theodor Theorell;male;Physiology_or_Medicine;1955
H. Robert Horvitz;male;Physiology_or_Medicine;2002
John E. Sulston;male;Physiology_or_Medicine;2002
Sydney Brenner;male;Physiology_or_Medicine;2002
J. Michael Bishop;male;Physiology_or_Medicine;1989
Harold E. Varmus;male;Physiology_or_Medicine;1989
Sir Harold W. Kroto;male;Chemistry;1996
Robert F. Curl Jr.;male;Chemistry;1996
Richard E. Smalley;male;Chemistry;1996
Vicente Aleixandre;male;Literature;1977
Paul C. Lauterbur;male;Physiology_or_Medicine;2003
Sir Peter Mansfield;male;Physiology_or_Medicine;2003
Harold Clayton Urey;male;Chemistry;1934
Heinrich Böll;male;Literature;1972
Frederick Sanger;male;Chemistry;1958
Frederick Sanger;male;Chemistry;1980
Paul Berg;male;Chemistry;1980
Walter Gilbert;male;Chemistry;1980
Herta Müller;female;Literature;2009
Earl W. Sutherland, Jr.;male;Physiology_or_Medicine;1971
Eric Betzig;male;Chemistry;2014
Stefan W. Hell;male;Chemistry;2014
William E. Moerner;male;Chemistry;2014
Otto Loewi;male;Physiology_or_Medicine;1936
Sir Henry Hallett Dale;male;Physiology_or_Medicine;1936
Howard Martin Temin;male;Physiology_or_Medicine;1975
David Baltimore;male;Physiology_or_Medicine;1975
Renato Dulbecco;male;Physiology_or_Medicine;1975
Nelly Sachs;female;Literature;1966
Shmuel Yosef Agnon;male;Literature;1966
José Echegaray y Eizaguirre;male;Literature;1904
Frédéric Mistral;male;Literature;1904
Michael S. Brown;male;Physiology_or_Medicine;1985
Joseph L. Goldstein;male;Physiology_or_Medicine;1985
Joseph Brodsky;male;Literature;1987
James P. Allison;male;Physiology_or_Medicine;2018
Tasuku Honjo;male;Physiology_or_Medicine;2018
Simon Kuznets;male;Economic_Sciences;1971
Owen Willans Richardson;male;Physics;1928
K. Alexander Müller;male;Physics;1987
J. Georg Bednorz;male;Physics;1987
Theodore William Richards;male;Chemistry;1914
Tomas Tranströmer;male;Literature;2011
Wole Soyinka;male;Literature;1986
John Warcup Cornforth;male;Chemistry;1975
Vladimir Prelog;male;Chemistry;1975
Henry Taube;male;Chemistry;1983
Eyvind Johnson;male;Literature;1974
Harry Martinson;male;Literature;1974
Willem Einthoven;male;Physiology_or_Medicine;1924
Le Duc Tho ;male;Peace;1973
Henry Alfred Kissinger;male;Peace;1973
Klas Pontus Arnoldson;male;Peace;1908
Fredrik Bajer;male;Peace;1908
Erwin Schrödinger;male;Physics;1933
Paul Adrien Maurice Dirac;male;Physics;1933
Mo Yan;male;Literature;2012
Frits Zernike;male;Physics;1953
Robert Bárány;male;Physiology_or_Medicine;1914
John L. Hall;male;Physics;2005
Theodor W. Hänsch;male;Physics;2005
Roy J. Glauber;male;Physics;2005
Torsten N. Wiesel;male;Physiology_or_Medicine;1981
David H. Hubel;male;Physiology_or_Medicine;1981
Roger W. Sperry;male;Physiology_or_Medicine;1981
Paul Ehrlich;male;Physiology_or_Medicine;1908
Ilya Ilyich Mechnikov;male;Physiology_or_Medicine;1908
Henrik Pontoppidan;male;Literature;1917
Karl Adolph Gjellerup;male;Literature;1917
Isamu Akasaki;male;Physics;2014
Shuji Nakamura;male;Physics;2014
Hiroshi Amano;male;Physics;2014
Rabindranath Tagore;male;Literature;1913
Günter Grass;male;Literature;1999
Susumu Tonegawa;male;Physiology_or_Medicine;1987
Frederick Chapman Robbins;male;Physiology_or_Medicine;1954
John Franklin Enders;male;Physiology_or_Medicine;1954
Thomas Huckle Weller;male;Physiology_or_Medicine;1954
Clinton Joseph Davisson;male;Physics;1937
George Paget Thomson;male;Physics;1937
Frédéric Joliot;male;Chemistry;1935
Irène Joliot-Curie;female;Chemistry;1935
James Chadwick;male;Physics;1935
Léon Jouhaux;male;Peace;1951
Elias James Corey;male;Chemistry;1990
Konrad Lorenz;male;Physiology_or_Medicine;1973
Nikolaas Tinbergen;male;Physiology_or_Medicine;1973
Karl von Frisch;male;Physiology_or_Medicine;1973
Julian Schwinger;male;Physics;1965
Sin-Itiro Tomonaga;male;Physics;1965
Richard P. Feynman;male;Physics;1965
John C. Polanyi;male;Chemistry;1986
Dudley R. Herschbach;male;Chemistry;1986
Yuan T. Lee;male;Chemistry;1986
Johannes Andreas Grib Fibiger;male;Physiology_or_Medicine;1926
Rodney R. Porter;male;Physiology_or_Medicine;1972
Gerald M. Edelman;male;Physiology_or_Medicine;1972
Harald zur Hausen;male;Physiology_or_Medicine;2008
Luc Montagnier;male;Physiology_or_Medicine;2008
Françoise Barré-Sinoussi;female;Physiology_or_Medicine;2008
Gregg L. Semenza;male;Physiology_or_Medicine;2019
Sir Peter J. Ratcliffe;male;Physiology_or_Medicine;2019
William G. Kaelin Jr;male;Physiology_or_Medicine;2019
Enrico Fermi;male;Physics;1938
John Boyd Orr, Baron Boyd-Orr of Brechin Mearn;male;Peace;1949
Reinhard Selten;male;Economic_Sciences;1994
John C. Harsanyi;male;Economic_Sciences;1994
John F. Nash Jr.;male;Economic_Sciences;1994
Owen Chamberlain;male;Physics;1959
Emilio Gino Segrè;male;Physics;1959
Kofi Atta Annan;male;Peace;2001
Thomas R. Cech;male;Chemistry;1989
Sidney Altman;male;Chemistry;1989
Francis William Aston;male;Chemistry;1922
Peter C. Doherty;male;Physiology_or_Medicine;1996
Rolf M. Zinkernagel;male;Physiology_or_Medicine;1996
Roger Y. Tsien;male;Chemistry;2008
Osamu Shimomura;male;Chemistry;2008
Martin Chalfie;male;Chemistry;2008
Naguib Mahfouz;male;Literature;1988
Richard R. Schrock;male;Chemistry;2005
Robert H. Grubbs;male;Chemistry;2005
Yves Chauvin;male;Chemistry;2005
Melvin Calvin;male;Chemistry;1961
Jean Baptiste Perrin;male;Physics;1926
Otto Paul Hermann Diels;male;Chemistry;1950
Kurt Alder;male;Chemistry;1950
Il´ja Mikhailovich Frank;male;Physics;1958
Pavel Alekseyevich Cherenkov;male;Physics;1958
Igor Yevgenyevich Tamm;male;Physics;1958
Philipp Eduard Anton von Lenard;male;Physics;1905
Edward C. Prescott;male;Economic_Sciences;2004
Finn E. Kydland;male;Economic_Sciences;2004
Jack Steinberger;male;Physics;1988
Leon M. Lederman;male;Physics;1988
Melvin Schwartz;male;Physics;1988
Daniel Bovet;male;Physiology_or_Medicine;1957
William F. Sharpe;male;Economic_Sciences;1990
Merton H. Miller;male;Economic_Sciences;1990
Harry M. Markowitz;male;Economic_Sciences;1990
Liu Xiaobo;male;Peace;2010
Hermann Joseph Muller;male;Physiology_or_Medicine;1946
Pär Fabian Lagerkvist;male;Literature;1951
Gerhart Johann Robert Hauptmann;male;Literature;1912
Richard Martin Willstätter;male;Chemistry;1915
Saul Bellow;male;Literature;1976
Sir Vidiadhar Surajprasad Naipaul;male;Literature;2001
Lester Bowles Pearson;male;Peace;1957
Donald Arthur Glaser;male;Physics;1960
Cordell Hull;male;Peace;1945
James E. Rothman;male;Physiology_or_Medicine;2013
Randy W. Schekman;male;Physiology_or_Medicine;2013
Thomas C. Südhof;male;Physiology_or_Medicine;2013
Muhammad Yunus;male;Peace;2006
David J. Wineland;male;Physics;2012
Serge Haroche;male;Physics;2012
Ronald Ross;male;Physiology_or_Medicine;1902
Léon Victor Auguste Bourgeois;male;Peace;1920
Fridtjof Nansen;male;Peace;1922
Gerardus 't Hooft;male;Physics;1999
Martinus J.G. Veltman;male;Physics;1999
Eugene Paul Wigner;male;Physics;1963
Maria Goeppert Mayer;female;Physics;1963
J. Hans D. Jensen;male;Physics;1963
Vernon L. Smith;male;Economic_Sciences;2002
Daniel Kahneman;male;Economic_Sciences;2002
Rudolph A. Marcus;male;Chemistry;1992
Philip J. Noel-Baker;male;Peace;1959
William Alfred Fowler;male;Physics;1983
Subramanyan Chandrasekhar;male;Physics;1983
Elihu Root;male;Peace;1912
Giosuè Carducci;male;Literature;1906
Gerhard Domagk;male;Physiology_or_Medicine;1939
Kailash Satyarthi;male;Peace;2014
Malala Yousafzai;female;Peace;2014
Sinclair Lewis;male;Literature;1930
Didier Queloz;male;Physics;2019
James Peebles;male;Physics;2019
Michel Mayor;male;Physics;2019
Hans Albrecht Bethe;male;Physics;1967
Nils Gustaf Dalén;male;Physics;1912
Eugenio Montale;male;Literature;1975
Sir Norman Angell (Ralph Lane);male;Peace;1933
Hermann Staudinger;male;Chemistry;1953
Czeslaw Milosz;male;Literature;1980
Phillip A. Sharp;male;Physiology_or_Medicine;1993
Richard J. Roberts;male;Physiology_or_Medicine;1993
Lord Rayleigh (John William Strutt);male;Physics;1904
Mohamed ElBaradei;male;Peace;2005
François Englert;male;Physics;2013
Peter W. Higgs;male;Physics;2013
Emil Theodor Kocher;male;Physiology_or_Medicine;1909
Marie Curie, née Sklodowska;female;Chemistry;1911
George Wald;male;Physiology_or_Medicine;1967
Haldan Keffer Hartline;male;Physiology_or_Medicine;1967
Ragnar Granit;male;Physiology_or_Medicine;1967
Willy Brandt;male;Peace;1971
Douglas D. Osheroff;male;Physics;1996
Robert C. Richardson;male;Physics;1996
David M. Lee;male;Physics;1996
Mikhail Sergeyevich Gorbachev;male;Peace;1990
Russell A. Hulse;male;Physics;1993
Joseph H. Taylor Jr.;male;Physics;1993
Trygve Haavelmo;male;Economic_Sciences;1989
Ernst Boris Chain;male;Physiology_or_Medicine;1945
Sir Alexander Fleming;male;Physiology_or_Medicine;1945
Sir Howard Walter Florey;male;Physiology_or_Medicine;1945
John C. Mather;male;Physics;2006
George F. Smoot;male;Physics;2006
Robert Burns Woodward;male;Chemistry;1965
Svante August Arrhenius;male;Chemistry;1903
Thomas Woodrow Wilson;male;Peace;1919
John Cowdery Kendrew;male;Chemistry;1962
Max Ferdinand Perutz;male;Chemistry;1962
Jan Tinbergen;male;Economic_Sciences;1969
Ragnar Frisch;male;Economic_Sciences;1969
Corneille Jean François Heymans;male;Physiology_or_Medicine;1938
Tadeus Reichstein;male;Physiology_or_Medicine;1950
Edward Calvin Kendall;male;Physiology_or_Medicine;1950
Philip Showalter Hench;male;Physiology_or_Medicine;1950
Stanley B. Prusiner;male;Physiology_or_Medicine;1997
Imre Kertész;male;Literature;2002
Sir John Douglas Cockcroft;male;Physics;1951
Ernest Thomas Sinton Walton;male;Physics;1951
Max Karl Ernst Ludwig Planck;male;Physics;1918
Günter Blobel;male;Physiology_or_Medicine;1999
James Tobin;male;Economic_Sciences;1981
Heinrich Otto Wieland;male;Chemistry;1927
Gustav Ludwig Hertz;male;Physics;1925
James Franck;male;Physics;1925
Rigoberta Menchú Tum;female;Peace;1992
Edgar Algernon Robert Gascoyne-Cecil, 1st Viscount Cecil of Chelwood;male;Peace;1937
Henry W. Kendall;male;Physics;1990
Jerome I. Friedman;male;Physics;1990
Richard E. Taylor;male;Physics;1990
Niels Henrik David Bohr;male;Physics;1922
Frederick Soddy;male;Chemistry;1921
Ernest Rutherford;male;Chemistry;1908
Octavio Paz;male;Literature;1990
Glenn Theodore Seaborg;male;Chemistry;1951
Edwin Mattison McMillan;male;Chemistry;1951
Carl Gustaf Verner von Heidenstam;male;Literature;1916
Jean-Paul Sartre;male;Literature;1964
David Trimble;male;Peace;1998
John Hume;male;Peace;1998
Milton Friedman;male;Economic_Sciences;1976
Robert C. Merton;male;Economic_Sciences;1997
Myron S. Scholes;male;Economic_Sciences;1997
Louise Glück;female;Literature;2020
Lawrence R. Klein;male;Economic_Sciences;1980
Irving Langmuir;male;Chemistry;1932
J. Michael Kosterlitz;male;Physics;2016
David J. Thouless;male;Physics;2016
F. Duncan M. Haldane;male;Physics;2016
Pablo Neruda;male;Literature;1971
John Steinbeck;male;Literature;1962
Lars Olof Jonathan (Nathan) Söderblom;male;Peace;1930
Luigi Pirandello;male;Literature;1934
Fritz Pregl;male;Chemistry;1923
Ronald H. Coase;male;Economic_Sciences;1991
William Faulkner;male;Literature;1949
Edward Mills Purcell;male;Physics;1952
Felix Bloch;male;Physics;1952
Georg von Békésy;male;Physiology_or_Medicine;1961
Dennis Gabor;male;Physics;1971
Robert M. Solow;male;Economic_Sciences;1987
Gao Xingjian;male;Literature;2000
Johannes Stark;male;Physics;1919
Oscar Arias Sánchez;male;Peace;1987
Juan Ramón Jiménez;male;Literature;1956
Juan Manuel Santos;male;Peace;2016
Otto Hahn;male;Chemistry;1944
Herbert A. Hauptman;male;Chemistry;1985
Jerome Karle;male;Chemistry;1985
Jaroslav Seifert;male;Literature;1984
Hans Fischer;male;Chemistry;1930
Gerard Debreu;male;Economic_Sciences;1983
Jeffrey C. Hall;male;Physiology_or_Medicine;2017
Michael W. Young;male;Physiology_or_Medicine;2017
Michael Rosbash;male;Physiology_or_Medicine;2017
Desmond Mpilo Tutu;male;Peace;1984
Hannes Olof Gösta Alfvén;male;Physics;1970
Louis Eugène Félix Néel;male;Physics;1970
Erik Axel Karlfeldt;male;Literature;1931
Ernst Otto Fischer;male;Chemistry;1973
Geoffrey Wilkinson;male;Chemistry;1973
Patrick Modiano;male;Literature;2014
Emmanuelle Charpentier;female;Chemistry;2020
Jennifer A. Doudna;female;Chemistry;2020
Dan Shechtman;male;Chemistry;2011
Emily Greene Balch;female;Peace;1946
John Raleigh Mott;male;Peace;1946
Sigrid Undset;female;Literature;1928
Wassily Wassilyevich Leontief;male;Economic_Sciences;1973
Wladyslaw Stanislaw Reymont;male;Literature;1924
Thomas Stearns Eliot;male;Literature;1948
Eugene Gladstone O'Neill;male;Literature;1936
Robert S. Mulliken;male;Chemistry;1966
Paul Sabatier;male;Chemistry;1912
Victor Grignard;male;Chemistry;1912
Max von Laue;male;Physics;1914
William Golding;male;Literature;1983
Giorgos Seferis;male;Literature;1963
Olga Tokarczuk;female;Literature;2018
Manfred Eigen;male;Chemistry;1967
George Porter;male;Chemistry;1967
Ronald George Wreyford Norrish;male;Chemistry;1967
Daniel L. McFadden;male;Economic_Sciences;2000
James J. Heckman;male;Economic_Sciences;2000
Romain Rolland;male;Literature;1915
Paul Krugman;male;Economic_Sciences;2008
Joseph John Thomson;male;Physics;1906
Douglass C. North;male;Economic_Sciences;1993
Robert W. Fogel;male;Economic_Sciences;1993
Sir William Ramsay;male;Chemistry;1904
Joshua Lederberg;male;Physiology_or_Medicine;1958
Edward Lawrie Tatum;male;Physiology_or_Medicine;1958
George Wells Beadle;male;Physiology_or_Medicine;1958
Jaroslav Heyrovsky;male;Chemistry;1959
Julius Wagner-Jauregg;male;Physiology_or_Medicine;1927
Wislawa Szymborska;female;Literature;1996
Yasunari Kawabata;male;Literature;1968
James Earl Carter;male;Peace;2002
Hans Spemann;male;Physiology_or_Medicine;1935
Lars Onsager;male;Chemistry;1968
Georg Wittig;male;Chemistry;1979
Herbert C. Brown;male;Chemistry;1979
The 14th Dalai Lama (Tenzin Gyatso);male;Peace;1989
Franco Modigliani;male;Economic_Sciences;1985
Horst L. Störmer;male;Physics;1998
Daniel C. Tsui;male;Physics;1998
Robert B. Laughlin;male;Physics;1998
Saint-John Perse;male;Literature;1960
Gerhard Ertl;male;Chemistry;2007
Gerhard Herzberg;male;Chemistry;1971
Jean-Marie Gustave Le Clézio;male;Literature;2008
William Butler Yeats;male;Literature;1923
Peter D. Mitchell;male;Chemistry;1978
Patrick Maynard Stuart Blackett;male;Physics;1948
Nadine Gordimer;female;Literature;1991
Frederik Willem de Klerk;male;Peace;1993
Nelson Rolihlahla Mandela;male;Peace;1993
Edward Adelbert Doisy;male;Physiology_or_Medicine;1943
Henrik Carl Peter Dam;male;Physiology_or_Medicine;1943
Luis F. Leloir;male;Chemistry;1970
William D. Nordhaus;male;Economic_Sciences;2018
Paul M. Romer;male;Economic_Sciences;2018
Fritz Haber;male;Chemistry;1918
Walter Kohn;male;Chemistry;1998
John A. Pople;male;Chemistry;1998
Maurice Allais;male;Economic_Sciences;1988
Johannes Vilhelm Jensen;male;Literature;1944
George Catlett Marshall;male;Peace;1953
Robert A. Mundell;male;Economic_Sciences;1999
Herbert A. Simon;male;Economic_Sciences;1978
Jules Bordet;male;Physiology_or_Medicine;1919
Pearl Buck;female;Literature;1938
Ilya Romanovich Prigogine;male;Chemistry;1977
Toni Morrison;female;Literature;1993
Kim Dae-jung;male;Peace;2000
Edgar Douglas Adrian;male;Physiology_or_Medicine;1932
Sir Charles Scott Sherrington;male;Physiology_or_Medicine;1932
Louis J. Ignarro;male;Physiology_or_Medicine;1998
Ferid Murad;male;Physiology_or_Medicine;1998
Robert F. Furchgott;male;Physiology_or_Medicine;1998
Paul J. Flory;male;Chemistry;1974
Henri Bergson;male;Literature;1927
Jacinto Benavente;male;Literature;1922
Mother Teresa;female;Peace;1979
Rudolf Christoph Eucken;male;Literature;1908
Max Theiler;male;Physiology_or_Medicine;1951
Linus Carl Pauling;male;Peace;1962
Linus Carl Pauling;male;Chemistry;1954
Patrick White;male;Literature;1973
Ernest Miller Hemingway;male;Literature;1954
Karl Manne Georg Siegbahn;male;Physics;1924
Richard R. Ernst;male;Chemistry;1991
Werner Karl Heisenberg;male;Physics;1932
Edwin G. Krebs;male;Physiology_or_Medicine;1992
Edmond H. Fischer;male;Physiology_or_Medicine;1992
Isaac Bashevis Singer;male;Literature;1978
Robert Koch;male;Physiology_or_Medicine;1905
Wendell Meredith Stanley;male;Chemistry;1946
James Batcheller Sumner;male;Chemistry;1946
John Howard Northrop;male;Chemistry;1946
Edmund S. Phelps;male;Economic_Sciences;2006
Robert E. Lucas Jr.;male;Economic_Sciences;1995
Samuel Beckett;male;Literature;1969
Otto Stern;male;Physics;1943
John M. Coetzee;male;Literature;2003
Henri Moissan;male;Chemistry;1906
Paul Johann Ludwig Heyse;male;Literature;1910
Gabriel Lippmann;male;Physics;1908
Roger D. Kornberg;male;Chemistry;2006
Norman Ernest Borlaug;male;Peace;1970
Seamus Heaney;male;Literature;1995
Richard Stone;male;Economic_Sciences;1984
James M. Buchanan Jr.;male;Economic_Sciences;1986
Sir Chandrasekhara Venkata Raman;male;Physics;1930
Walther Hermann Nernst;male;Chemistry;1920
Dario Fo;male;Literature;1997
William N. Lipscomb;male;Chemistry;1976
Richard H. Thaler;male;Economic_Sciences;2017
Jean Tirole;male;Economic_Sciences;2014
Wangari Muta Maathai;female;Peace;2004
Paul A. Samuelson;male;Economic_Sciences;1970
José Saramago;male;Literature;1998
Hermann Hesse;male;Literature;1946
Martti Ahtisaari;male;Peace;2008
Aung San Suu Kyi;female;Peace;1991
Peter Handke;male;Literature;2019
Yoshinori Ohsumi;male;Physiology_or_Medicine;2016
Percy Williams Bridgman;male;Physics;1946
Mikhail Aleksandrovich Sholokhov;male;Literature;1965
Frans Eemil Sillanpää;male;Literature;1939
Louis Renault;male;Peace;1907
Ernesto Teodoro Moneta;male;Peace;1907
Robert Andrews Millikan;male;Physics;1923
Sir Winston Leonard Spencer Churchill;male;Literature;1953
Halldór Kiljan Laxness;male;Literature;1955
Prince Louis-Victor Pierre Raymond de Broglie;male;Physics;1929
Miguel Angel Asturias;male;Literature;1967
Pierre-Gilles de Gennes;male;Physics;1991
Vincent du Vigneaud;male;Chemistry;1955
Frederick Reines;male;Physics;1995
Martin L. Perl;male;Physics;1995
George de Hevesy;male;Chemistry;1943
Ivan Petrovich Pavlov;male;Physiology_or_Medicine;1904
Wolfgang Pauli;male;Physics;1945
Hideki Yukawa;male;Physics;1949
Jacobus Henricus van 't Hoff;male;Chemistry;1901
Lech Walesa;male;Peace;1983
Odysseus Elytis;male;Literature;1979
Willard Frank Libby;male;Chemistry;1960
Roger Martin du Gard;male;Literature;1937
Ardem Patapoutian;male;Physiology_or_Medicine;2021
David Julius;male;Physiology_or_Medicine;2021
Benjamin List;male;Chemistry;2021
David W.C. MacMillan;male;Chemistry;2021
Giorgio Parisi;male;Physics;2021
Klaus Hasselmann;male;Physics;2021
Syukuro Manabe;male;Physics;2021
David Card;male;Economic_Sciences;2021
Guido W. Imbens;male;Economic_Sciences;2021
Joshua D. Angrist;male;Economic_Sciences;2021
Dmitry Andreyevich Muratov;male;Peace;2021
Maria Ressa;female;Peace;2021
Annie Ernaux;female;Literature;2022
Ales Bialiatski ;male;Peace;2022
K. Barry Sharpless;male;Chemistry;2022
Carolyn R. Bertozzi;female;Chemistry;2022
Morten Meldal;male;Chemistry;2022
Svante Pääbo;male;Physiology_or_Medicine;2022
Narges Mohammadi;female;Peace;2023
Jon Fosse;male;Literature;2023
Pierre Agostini;male;Physics;2023
Ferenc Krausz;male;Physics;2023
Anne L’Huillier;female;Physics;2023
Drew Weissman;male;Physiology_or_Medicine;2023
Katalin Kariko;female;Physiology_or_Medicine;2023
Claudia Golden;female;Economic_Sciences;2023
Alexei Iekimov;male;Chemistry;2023
Louis E. Brus;male;Chemistry;2023
Moungi Bawendi;male;Chemistry;2023
John J.Hopfield;male;Physics;2024
Geoffrey Hinton;male;Physics;2024
David Baker;male;Chemistry;2024
Demis Hassabis;male;Chemistry;2024
John Jumper;male;Chemistry;2024
Victor Ambros;male;Physiology_or_Medicine;2024
Gary Ruvkun;male;Physiology_or_Medicine;2024
Han Kang;female;Literature;2024
Nihon Hidankyo;male;Peace;2024
Daron Acemoglu;male;Economic_Sciences;2024
Simon Johnson;male;Economic_Sciences;2024
James A.Robinson;male;Economic_Sciences;2024